Features,Label
"[[-4.37832611e+02 -4.25454254e+02 -4.32374634e+02 ... -2.12183731e+02
  -2.17209564e+02 -2.20092072e+02]
 [ 7.97730865e+01  9.50798340e+01  1.06552345e+02 ...  1.42219833e+02
   1.39187531e+02  1.35901581e+02]
 [ 2.12384567e+01  3.83946800e+01  6.56683426e+01 ... -9.67849121e+01
  -9.62386932e+01 -9.23494644e+01]
 ...
 [ 3.18499815e-07  1.18776995e-07  5.20789776e-08 ...  4.99539965e-07
   3.71898949e-07  4.83991641e-07]
 [ 1.05407501e-07  3.09171604e-08  4.53926585e-09 ...  5.13627718e-08
   3.57250869e-08  3.59303094e-08]
 [ 3.25041292e-08  9.04856368e-09  8.95248486e-10 ...  8.37861724e-10
   3.55022622e-10  7.19537319e-10]]",FAKE
"[[-4.1343787e+02 -3.8346210e+02 -3.6885855e+02 ... -2.0020663e+02
  -2.0461215e+02 -2.0720537e+02]
 [ 5.8991608e+01  9.2757545e+01  1.1667239e+02 ...  1.2788001e+02
   1.2500459e+02  1.2115539e+02]
 [ 7.2668104e+00  3.1290529e+01  5.0672249e+01 ... -9.1382401e+01
  -9.2935165e+01 -8.8733154e+01]
 ...
 [ 2.2028873e-07  9.4337587e-08  4.3662091e-08 ...  5.0336047e-07
   3.9678332e-07  5.4096603e-07]
 [ 1.2258438e-07  3.4875043e-08  3.9751837e-09 ...  5.1136503e-08
   3.8636507e-08  3.5915232e-08]
 [ 8.2223657e-08  2.1495239e-08  9.0322994e-10 ...  7.6885281e-10
   3.5751624e-10  7.7818174e-10]]",FAKE
"[[-4.3788251e+02 -4.1332040e+02 -4.1484949e+02 ... -2.0085913e+02
  -2.0567377e+02 -2.0839519e+02]
 [ 8.9482315e+01  1.0135739e+02  1.1282141e+02 ...  1.3997411e+02
   1.3778925e+02  1.3716425e+02]
 [ 2.4652666e+01  2.9213694e+01  4.0490311e+01 ... -8.8522797e+01
  -8.8380592e+01 -8.5132294e+01]
 ...
 [ 3.1058340e-07  1.9859559e-07  1.7390146e-07 ...  1.4024748e-06
   9.1897050e-07  9.8362057e-07]
 [ 1.0541684e-07  3.8388663e-08  1.3548019e-08 ...  1.0838018e-07
   9.1604363e-08  7.0615819e-08]
 [ 5.9678662e-08  1.5935155e-08  9.0585861e-10 ...  8.4237217e-10
   5.2292715e-10  1.3393212e-09]]",FAKE
"[[-4.3711008e+02 -4.1217896e+02 -4.0943570e+02 ... -2.0977269e+02
  -2.1518018e+02 -2.1719443e+02]
 [ 7.0858337e+01  8.7393318e+01  1.0046100e+02 ...  1.4177310e+02
   1.3874605e+02  1.3744855e+02]
 [ 2.4835899e+01  2.5363853e+01  3.6588127e+01 ... -9.4087494e+01
  -9.3822372e+01 -8.8660378e+01]
 ...
 [ 2.2133621e-07  9.7258187e-08  4.9273236e-08 ...  4.6739527e-07
   3.9153471e-07  4.9073589e-07]
 [ 1.4766871e-07  4.2396525e-08  5.0884665e-09 ...  5.4744071e-08
   3.7813702e-08  3.6717324e-08]
 [ 1.0523371e-07  2.7247200e-08  9.3905639e-10 ...  1.1660879e-09
   4.8361715e-10  8.9626695e-10]]",FAKE
"[[-4.4976157e+02 -4.2803864e+02 -4.2271365e+02 ... -2.0649335e+02
  -2.1182535e+02 -2.1538773e+02]
 [ 5.4768082e+01  7.4221344e+01  8.7745270e+01 ...  1.3623366e+02
   1.3322470e+02  1.3154770e+02]
 [ 1.8084600e+01  2.5551598e+01  3.8420876e+01 ... -9.2414261e+01
  -9.2689041e+01 -8.9338379e+01]
 ...
 [ 1.8933279e-07  9.1506692e-08  3.8282330e-08 ...  6.9329690e-07
   4.5366653e-07  5.8661726e-07]
 [ 9.8621712e-08  2.9262299e-08  4.1333421e-09 ...  7.5808664e-08
   4.6105150e-08  4.3532093e-08]
 [ 6.7855311e-08  1.7891249e-08  9.0438107e-10 ...  9.8692210e-10
   7.0530304e-10  7.6860734e-10]]",FAKE
"[[-4.57053864e+02 -4.34585114e+02 -4.26025970e+02 ... -1.95887238e+02
  -2.00349884e+02 -2.05796555e+02]
 [ 4.55733185e+01  5.56806183e+01  7.09139023e+01 ...  1.24126953e+02
   1.21269699e+02  1.19873558e+02]
 [ 1.42817745e+01  1.67842178e+01  2.90484180e+01 ... -8.90301971e+01
  -8.96421051e+01 -8.73524857e+01]
 ...
 [ 3.81338964e-07  2.66914071e-07  1.29900428e-07 ...  7.63222488e-07
   6.53337054e-07  8.81755454e-07]
 [ 1.62907838e-07  5.53452253e-08  1.35807241e-08 ...  7.33004413e-08
   5.53830226e-08  4.98384196e-08]
 [ 6.51425012e-08  1.73955161e-08  1.41986356e-09 ...  2.06737116e-09
   7.84958265e-10  1.31106037e-09]]",FAKE
"[[-4.4460800e+02 -4.1607169e+02 -4.1723038e+02 ... -2.1037981e+02
  -2.1552000e+02 -2.1814099e+02]
 [ 8.4600571e+01  1.0607144e+02  1.1881213e+02 ...  1.4347804e+02
   1.4140244e+02  1.3710046e+02]
 [ 1.2515916e+01  2.0512085e+01  3.5910515e+01 ... -9.5264915e+01
  -9.4613037e+01 -9.1923820e+01]
 ...
 [ 1.9561833e-07  9.4526143e-08  5.9884627e-08 ...  4.9629244e-07
   5.2005322e-07  6.1342763e-07]
 [ 9.9730677e-08  3.0172171e-08  5.6036447e-09 ...  5.9054443e-08
   3.6162245e-08  3.8243822e-08]
 [ 5.8279429e-08  1.5521454e-08  8.8608393e-10 ...  1.0081523e-09
   6.2305988e-10  9.3555275e-10]]",FAKE
"[[-5.21203735e+02 -5.21686279e+02 -5.21804565e+02 ... -2.44001785e+02
  -2.95419617e+02 -3.67384125e+02]
 [ 2.53339505e+00  1.85161126e+00  1.68434811e+00 ...  1.34747696e+02
   1.42902954e+02  1.18324783e+02]
 [ 2.53107738e+00  1.85119271e+00  1.68396759e+00 ...  2.93157578e+00
   2.28269806e+01  5.18221779e+01]
 ...
 [ 3.86906923e-10  1.50635115e-09  4.55216798e-09 ...  7.62688558e-07
   5.12314557e-07  3.28399409e-07]
 [ 7.71072164e-11  4.33638229e-11  1.36177347e-10 ...  7.12820309e-08
   5.96798202e-08  5.52257831e-08]
 [ 4.80872772e-11  1.40139445e-11  5.91884397e-12 ...  1.06279685e-09
   7.68083763e-10  7.17504445e-10]]",FAKE
"[[-6.5701068e+02 -6.5701068e+02 -6.5459064e+02 ... -3.7890488e+02
  -4.1912262e+02 -4.8274542e+02]
 [ 0.0000000e+00  0.0000000e+00  3.4165907e+00 ...  1.6002458e+02
   1.7532372e+02  1.5706503e+02]
 [ 0.0000000e+00  0.0000000e+00  3.3988652e+00 ...  5.5380745e+00
   9.9936581e+00  4.4044525e+01]
 ...
 [ 4.1831347e-11  9.2595299e-11  1.7919130e-10 ...  1.5278832e-07
   3.4510101e-08  3.2656962e-09]
 [ 2.3691964e-12  4.9012743e-12  1.5723089e-11 ...  3.8203837e-08
   3.2942722e-08  2.5540809e-09]
 [ 8.0606827e-14  1.5057106e-13  3.3121485e-13 ...  8.2168533e-10
   2.0362433e-10  2.4987283e-11]]",FAKE
"[[-6.0499524e+02 -6.0499524e+02 -6.0342169e+02 ... -3.1431540e+02
  -3.4754318e+02 -4.2663565e+02]
 [ 0.0000000e+00  0.0000000e+00  2.2103536e+00 ...  1.8881619e+02
   1.9227113e+02  1.6005188e+02]
 [ 0.0000000e+00  0.0000000e+00  2.1677563e+00 ... -1.9540886e+01
  -8.3438683e+00  3.4782104e+01]
 ...
 [ 3.2907041e-10  9.8857744e-10  1.9694113e-09 ...  2.3858368e-07
   7.4281552e-08  4.0692722e-08]
 [ 3.0046757e-12  1.5092665e-11  6.7099777e-11 ...  5.2029936e-08
   4.1856481e-08  4.6024637e-09]
 [ 6.3667474e-13  5.2244900e-13  1.5605779e-12 ...  1.0832263e-09
   2.6907945e-10  5.1127092e-11]]",FAKE
"[[-5.2353333e+02 -5.2353809e+02 -5.1949994e+02 ... -2.6095676e+02
  -3.0357190e+02 -3.7010150e+02]
 [ 2.7908025e+00  2.7838392e+00  8.4310017e+00 ...  1.7172946e+02
   1.7529924e+02  1.4614978e+02]
 [ 2.7857132e+00  2.7782044e+00  8.2368250e+00 ... -8.5614662e+00
   1.2345925e+01  3.6312431e+01]
 ...
 [ 7.0633405e-10  5.7713495e-10  9.7542918e-10 ...  2.7473976e-07
   8.0333123e-08  2.5258590e-08]
 [ 3.2620945e-10  1.2254549e-10  8.5740477e-11 ...  4.4283315e-08
   3.5820364e-08  4.2808308e-09]
 [ 2.6192873e-10  6.6249256e-11  3.0835807e-12 ...  9.9378183e-10
   3.0624683e-10  7.6394245e-11]]",FAKE
"[[-6.0651581e+02 -6.0572534e+02 -6.0499664e+02 ... -3.0910843e+02
  -3.5215225e+02 -4.4289597e+02]
 [ 4.9423103e+00  6.0590353e+00  7.0868292e+00 ...  1.8500610e+02
   1.9070395e+02  1.6044527e+02]
 [ 4.9324107e+00  6.0458779e+00  7.0653634e+00 ...  4.5787144e+00
   1.8408203e+01  5.7016224e+01]
 ...
 [ 3.4974031e-11  5.4193528e-11  1.7957166e-10 ...  1.6417617e-07
   5.5637610e-08  9.5682404e-09]
 [ 4.3095037e-12  5.8637591e-12  1.6749727e-11 ...  4.8690829e-08
   4.0124721e-08  2.8931255e-09]
 [ 1.6327201e-12  5.7790226e-13  4.4968247e-13 ...  9.4518093e-10
   1.8604703e-10  3.1985987e-11]]",FAKE
"[[-5.91912109e+02 -5.91872009e+02 -5.91032654e+02 ... -2.52534134e+02
  -2.90513306e+02 -3.68559113e+02]
 [ 5.51298618e-01  6.07961178e-01  1.79343963e+00 ...  1.32336288e+02
   1.41796219e+02  1.18198074e+02]
 [ 5.51174045e-01  6.07824326e-01  1.78866601e+00 ...  7.26987410e+00
   8.81064320e+00  4.72580261e+01]
 ...
 [ 8.27777347e-10  1.07677400e-09  2.57841659e-09 ...  1.22290430e-06
   5.57751036e-07  5.13370253e-07]
 [ 2.10391288e-10  1.72683090e-10  1.83357649e-10 ...  1.15253755e-07
   7.64485009e-08  4.47090223e-08]
 [ 1.10241948e-10  3.13494612e-11  4.45470050e-12 ...  3.64406705e-09
   1.41633183e-09  1.30943156e-09]]",FAKE
"[[-5.5583368e+02 -5.5660034e+02 -5.5560419e+02 ... -2.3822946e+02
  -2.9137292e+02 -3.8104407e+02]
 [ 3.3790774e+00  2.2962244e+00  3.7014871e+00 ...  1.4891843e+02
   1.6679025e+02  1.4118552e+02]
 [ 3.3741963e+00  2.2953968e+00  3.6901836e+00 ...  2.7663451e-01
   1.4810178e+00  2.2428276e+01]
 ...
 [ 1.2966932e-10  1.2665846e-10  3.2386446e-10 ...  2.0813131e-06
   3.1699966e-07  1.2130852e-07]
 [ 3.7789140e-11  2.4370112e-11  4.6714223e-11 ...  1.7906486e-07
   5.1437279e-08  1.1857756e-08]
 [ 1.5824340e-11  3.9574555e-12  1.0631189e-12 ...  6.1925829e-09
   1.6501327e-09  1.9168035e-10]]",FAKE
"[[-2.65212006e+02 -2.41306274e+02 -2.31299576e+02 ... -2.35756058e+02
  -2.45018280e+02 -2.56041046e+02]
 [ 9.43971939e+01  9.30336151e+01  9.20762177e+01 ...  8.66011353e+01
   8.87237091e+01  8.88598328e+01]
 [-4.97361526e+01 -4.69768829e+01 -4.36657333e+01 ... -1.89300575e+01
  -1.03615475e+01  1.89431942e+00]
 ...
 [ 1.24843598e-06  1.73700414e-06  2.12687587e-06 ...  1.92320522e-06
   2.43291470e-06  2.92662935e-06]
 [ 4.26408178e-07  2.56769965e-07  2.04623419e-07 ...  1.74856780e-07
   1.48214582e-07  2.11169464e-07]
 [ 2.53365840e-07  6.61430093e-08  1.53065436e-08 ...  1.43012135e-08
   5.53900126e-09  3.20750693e-09]]",FAKE
"[[-2.70404968e+02 -2.48828262e+02 -2.44743942e+02 ... -2.32725464e+02
  -2.45462524e+02 -2.73455200e+02]
 [ 8.56341553e+01  8.47262802e+01  8.91098175e+01 ...  1.03849236e+02
   1.03336151e+02  1.06808739e+02]
 [-5.08244667e+01 -4.90316467e+01 -4.94450264e+01 ... -2.92534752e+01
  -2.46682396e+01 -1.14086428e+01]
 ...
 [ 3.52341817e-06  2.91244578e-06  2.68189751e-06 ...  5.22625078e-06
   3.38737914e-06  1.79870096e-06]
 [ 4.44655313e-07  3.24065468e-07  1.71509981e-07 ...  1.88148846e-07
   2.16403564e-07  8.11954237e-08]
 [ 1.16404379e-07  3.32283960e-08  6.51400667e-09 ...  2.89028956e-09
   1.44023260e-09  7.40378703e-10]]",FAKE
"[[-2.89126953e+02 -2.66850952e+02 -2.62938873e+02 ... -2.53428680e+02
  -2.56900757e+02 -2.75261078e+02]
 [ 1.05040390e+02  1.06486130e+02  1.11912628e+02 ...  1.15202194e+02
   1.15495041e+02  1.19486938e+02]
 [-6.35432968e+01 -6.17159691e+01 -5.75093918e+01 ... -1.69785461e+01
  -1.55798864e+01 -6.46675396e+00]
 ...
 [ 7.59594855e-07  9.82834536e-07  7.71908162e-07 ...  3.99119426e-06
   2.28671684e-06  1.84903843e-06]
 [ 1.75152891e-07  1.21936139e-07  1.48726315e-07 ...  2.79391543e-07
   2.22993151e-07  1.56070655e-07]
 [ 9.61330429e-08  2.73167959e-08  6.04408257e-09 ...  1.38946463e-08
   9.20480137e-09  5.14008391e-09]]",FAKE
"[[-2.81858948e+02 -2.65270569e+02 -2.58058746e+02 ... -2.78820404e+02
  -2.84671448e+02 -3.01865753e+02]
 [ 1.08011208e+02  1.09978668e+02  1.09787247e+02 ...  1.06314514e+02
   1.03308151e+02  9.85784912e+01]
 [-5.91705322e+01 -5.81338387e+01 -5.75114365e+01 ... -1.65926571e+01
  -1.03875046e+01 -2.37060976e+00]
 ...
 [ 9.14141310e-07  9.52254425e-07  8.34455932e-07 ...  3.71748939e-07
   5.25390249e-07  9.35821618e-07]
 [ 1.33026589e-07  9.49352881e-08  1.13766518e-07 ...  8.03184506e-08
   7.47290869e-08  3.88728019e-08]
 [ 5.09528029e-08  1.53471724e-08  3.28452243e-09 ...  1.21480037e-09
   8.33678959e-10  5.56714619e-10]]",FAKE
"[[-2.5900259e+02 -2.3672003e+02 -2.2848935e+02 ... -2.2654430e+02
  -2.4103758e+02 -2.7760583e+02]
 [ 7.9496185e+01  8.0096664e+01  7.9805511e+01 ...  1.1077931e+02
   1.0839891e+02  1.0897464e+02]
 [-5.9360466e+01 -6.0333382e+01 -6.0845348e+01 ... -6.5272017e+00
   1.8551025e+00  2.1579308e+01]
 ...
 [ 1.8225661e-06  2.8177014e-06  1.2784582e-06 ...  1.8126746e-06
   1.3412744e-06  1.5389136e-06]
 [ 3.7023167e-07  3.9073899e-07  2.0198350e-07 ...  1.6232713e-07
   1.1534227e-07  6.1131580e-08]
 [ 1.9036197e-07  4.9253430e-08  5.2021321e-09 ...  7.2802608e-09
   4.9729247e-09  1.8132692e-09]]",FAKE
"[[-2.42779785e+02 -2.17915161e+02 -2.11910004e+02 ... -2.33298019e+02
  -2.40930344e+02 -2.58931213e+02]
 [ 4.91509552e+01  4.80034981e+01  5.30947571e+01 ...  1.54619884e+01
   2.05861435e+01  3.51683273e+01]
 [-4.06031418e+01 -3.63913002e+01 -3.82930069e+01 ...  4.08314896e+00
   9.07042122e+00  2.22746315e+01]
 ...
 [ 2.65363633e-06  4.89563990e-06  4.01293937e-06 ...  2.04876778e-05
   1.29699865e-05  6.63506216e-06]
 [ 2.88145230e-07  5.55560803e-07  4.38709492e-07 ...  9.29255521e-07
   5.11799271e-07  6.48295156e-07]
 [ 5.19085148e-08  1.96339727e-08  1.46618460e-08 ...  3.67818522e-08
   2.96216758e-08  2.39564582e-08]]",FAKE
"[[-2.6633932e+02 -2.4024211e+02 -2.3713574e+02 ... -2.2568169e+02
  -2.4205585e+02 -2.7700687e+02]
 [ 9.0277977e+01  8.3446609e+01  8.3573296e+01 ...  7.0649017e+01
   7.1423874e+01  7.4065994e+01]
 [-4.6217278e+01 -4.6293430e+01 -4.8085289e+01 ... -1.1637368e+01
  -2.8283544e+00  1.4682495e+01]
 ...
 [ 2.8490829e-06  3.7437233e-06  3.3259782e-06 ...  7.7397221e-05
   5.8847741e-05  2.1627160e-05]
 [ 8.9004806e-07  4.2504740e-07  3.3019663e-07 ...  1.2194597e-06
   1.0098541e-06  2.3593243e-07]
 [ 5.7341776e-07  1.5024335e-07  9.9534061e-09 ...  2.9868023e-08
   2.0038749e-08  6.1987855e-09]]",FAKE
"[[-2.7889621e+02 -2.0236488e+02 -1.6543277e+02 ... -1.8258725e+02
  -2.4864308e+02 -3.3322458e+02]
 [ 4.3617775e+01  8.7125969e+01  1.3769800e+02 ...  1.6080719e+02
   1.5853458e+02  1.2310878e+02]
 [ 4.9568787e+00 -2.8401804e+00 -1.4618922e+01 ... -8.1075745e+00
   8.4286480e+00  1.2435826e+01]
 ...
 [ 2.2737920e-06  2.9334421e-06  1.9771264e-06 ...  2.6013074e-06
   7.8690704e-07  3.0083766e-07]
 [ 2.8358693e-07  2.7686789e-07  1.4235540e-07 ...  3.9212605e-07
   1.3993794e-07  2.8199098e-08]
 [ 1.0828481e-07  3.3044486e-08  6.3475478e-09 ...  1.4328126e-08
   3.5759311e-09  6.8027811e-10]]",FAKE
"[[-2.70025757e+02 -1.54684113e+02 -1.16983932e+02 ... -1.68266083e+02
  -2.34732559e+02 -3.31129333e+02]
 [ 1.26752386e+01  7.83038406e+01  1.37700775e+02 ...  1.73962921e+02
   1.73146576e+02  1.40653717e+02]
 [ 3.92813759e+01  1.72369537e+01 -1.42241488e+01 ... -3.55846138e+01
  -2.35368176e+01  3.35734177e+00]
 ...
 [ 8.55130857e-05  9.83668069e-05  1.92810439e-05 ...  7.12348367e-07
   1.13028214e-07  5.42236975e-08]
 [ 6.96919733e-06  6.95043263e-06  1.57077181e-06 ...  3.10379349e-08
   1.07090408e-08  3.70235598e-09]
 [ 2.02706883e-06  6.30317345e-07  6.18316633e-08 ...  1.01987407e-09
   1.58192931e-10  9.71815475e-11]]",FAKE
"[[-2.46040375e+02 -1.63105377e+02 -1.18457558e+02 ... -1.60611679e+02
  -2.17616531e+02 -2.91043030e+02]
 [ 4.18886032e+01  8.43527222e+01  1.38175995e+02 ...  1.82858917e+02
   1.85394012e+02  1.57372711e+02]
 [ 2.35515137e+01  1.02399750e+01 -2.42123871e+01 ... -3.56310654e+01
  -2.91517010e+01 -1.76209984e+01]
 ...
 [ 2.23065763e-05  4.55088448e-05  1.97382342e-05 ...  3.62559194e-06
   4.00351041e-07  4.29072031e-08]
 [ 3.14001500e-06  4.20772403e-06  9.32154421e-07 ...  3.55794242e-07
   8.82345290e-08  1.12714895e-08]
 [ 2.87325719e-07  1.66859763e-07  3.06036725e-08 ...  6.00188477e-09
   2.20883867e-09  1.73983716e-10]]",FAKE
"[[-2.68634064e+02 -1.96516098e+02 -1.66624435e+02 ... -2.09389709e+02
  -2.71503448e+02 -3.51365570e+02]
 [ 2.75670853e+01  7.14623413e+01  1.40988525e+02 ...  1.75661285e+02
   1.76510773e+02  1.41887085e+02]
 [ 1.56887913e+01  8.02970982e+00 -1.82082520e+01 ... -1.17507515e+01
   2.51361907e-01 -9.90610898e-01]
 ...
 [ 1.55156977e-05  1.43071311e-05  1.41727548e-06 ...  2.07807602e-07
   6.67980586e-08  3.75818061e-08]
 [ 1.95439497e-06  1.23462792e-06  7.13473938e-08 ...  1.75284498e-08
   6.30273611e-09  5.68926950e-09]
 [ 1.41446336e-07  5.06550357e-08  2.81070123e-09 ...  2.66547673e-10
   8.42459019e-11  8.38548814e-11]]",FAKE
"[[-3.6531918e+02 -2.9448230e+02 -2.6423813e+02 ... -2.9714716e+02
  -3.5397641e+02 -4.4689859e+02]
 [ 7.8953140e+01  1.1731061e+02  1.6172156e+02 ...  1.5984668e+02
   1.5609972e+02  1.0902089e+02]
 [ 1.9727919e+01  3.2808986e+00 -1.1430321e+01 ...  3.5638094e+00
   2.7317493e+01  4.9014755e+01]
 ...
 [ 5.2304057e-07  4.5524467e-07  1.4645062e-07 ...  7.7433997e-09
   2.1551259e-09  1.3357929e-09]
 [ 9.7640559e-08  6.1400208e-08  1.0275045e-08 ...  5.1432836e-10
   1.5871728e-10  1.0712344e-10]
 [ 3.2079463e-08  8.8802583e-09  2.4101346e-10 ...  2.6074963e-11
   8.6473979e-12  4.0689522e-12]]",FAKE
"[[-3.33253082e+02 -2.43635315e+02 -2.08227402e+02 ... -2.13616852e+02
  -2.89236481e+02 -3.91707367e+02]
 [ 2.64835434e+01  5.89232864e+01  1.07927963e+02 ...  1.38851593e+02
   1.34338379e+02  9.98116074e+01]
 [ 5.38650093e+01  1.52461014e+01 -1.70231285e+01 ... -2.25618935e+01
  -8.92335892e+00  1.83125763e+01]
 ...
 [ 4.60516821e-06  5.21039874e-06  2.80480981e-06 ...  1.41138059e-06
   3.20110104e-07  2.71220927e-07]
 [ 6.05096261e-07  7.37400114e-07  4.63718891e-07 ...  1.07395344e-07
   4.39526353e-08  3.20216280e-08]
 [ 1.59301251e-07  7.83858951e-08  1.45117252e-08 ...  8.06052558e-10
   6.99168889e-10  7.06372183e-10]]",FAKE
"[[-2.4874025e+02 -1.6139595e+02 -1.3242786e+02 ... -2.0971365e+02
  -2.7555133e+02 -3.5963400e+02]
 [ 1.7314541e+01  6.9264191e+01  1.3226593e+02 ...  1.7134467e+02
   1.6485635e+02  1.3744928e+02]
 [ 1.3995562e+01  1.0082174e+01 -1.7278751e+01 ...  4.2438555e+00
   1.4833189e+01  1.8914011e+01]
 ...
 [ 1.4040760e-04  2.1944818e-04  3.2878856e-05 ...  1.1711670e-06
   4.2724267e-07  1.0693509e-07]
 [ 9.1818019e-06  1.5266676e-05  3.9076454e-06 ...  1.1315977e-07
   1.8967036e-08  8.0576434e-09]
 [ 1.7913686e-06  6.9411954e-07  8.7520817e-08 ...  1.2509744e-08
   7.0839673e-10  2.9739761e-10]]",FAKE
"[[-4.6272784e+02 -4.4476675e+02 -4.5759738e+02 ... -2.4840204e+02
  -2.3226042e+02 -2.1750317e+02]
 [ 4.5435242e+01  4.9261852e+01  4.1950191e+01 ...  1.0635600e+02
   1.0261636e+02  1.0924431e+02]
 [ 7.1997337e+00 -2.1793880e+00 -6.7628741e-01 ...  7.9147921e+00
  -3.5532348e+00 -1.2840889e+01]
 ...
 [ 9.0832138e-08  1.2139002e-07  8.7048434e-08 ...  2.1743917e-06
   4.8649003e-06  4.1645817e-06]
 [ 2.5912390e-08  1.4126817e-08  6.3356858e-09 ...  4.4895742e-08
   2.5515396e-07  3.5700506e-07]
 [ 1.3807708e-08  3.6934995e-09  2.9463651e-10 ...  2.8194649e-09
   1.5802353e-08  1.8770479e-08]]",FAKE
"[[-4.5529239e+02 -4.3069461e+02 -4.4662769e+02 ... -2.3031590e+02
  -2.1869093e+02 -2.0984155e+02]
 [ 5.0178917e+01  5.9156834e+01  6.9778206e+01 ...  1.3617119e+02
   1.3639610e+02  1.4344310e+02]
 [-3.3460543e+00 -5.4409266e+00  3.2768161e+00 ...  3.5020950e+01
   2.4197550e+01  9.9386415e+00]
 ...
 [ 3.0907195e-08  3.9255017e-08  2.2870895e-08 ...  1.1719076e-05
   1.1127137e-05  6.6074881e-06]
 [ 1.0308531e-08  5.8532064e-09  3.0785747e-09 ...  2.8274920e-07
   2.2025162e-07  2.7877311e-07]
 [ 4.8403233e-09  1.3049870e-09  5.4426640e-11 ...  8.8184811e-09
   9.1955146e-09  1.0231092e-08]]",FAKE
"[[-4.05897858e+02 -3.82045776e+02 -4.05259918e+02 ... -2.07135971e+02
  -1.99144806e+02 -1.88031921e+02]
 [ 3.40015678e+01  3.90389671e+01  3.63049812e+01 ...  1.18487015e+02
   1.18474548e+02  1.23043274e+02]
 [-2.76288509e+01 -3.88446198e+01 -3.63579254e+01 ... -2.10084972e+01
  -3.88398705e+01 -4.87557449e+01]
 ...
 [ 2.00613837e-08  1.57605378e-08  5.88324989e-09 ...  1.93823007e-06
   3.98763086e-06  7.96503627e-06]
 [ 5.16879028e-09  2.18560814e-09  4.96685471e-10 ...  1.17958187e-07
   2.40076702e-07  4.27530807e-07]
 [ 2.61104383e-09  6.57434218e-10  1.50952740e-11 ...  3.55149399e-09
   6.73085943e-09  1.25511290e-08]]",FAKE
"[[-4.0932141e+02 -3.8174133e+02 -3.9262756e+02 ... -2.1770534e+02
  -2.1164792e+02 -2.0393143e+02]
 [ 7.9318619e+01  8.1493210e+01  8.0606735e+01 ...  1.6150549e+02
   1.6965042e+02  1.7975836e+02]
 [-1.2925367e+01 -1.4500771e+01 -1.5698214e+01 ... -3.7497673e+01
  -4.4745796e+01 -5.4632675e+01]
 ...
 [ 2.6668036e-07  5.0146366e-07  3.1815748e-07 ...  1.9537161e-07
   1.9956272e-07  2.1149570e-07]
 [ 1.3194775e-08  2.6263073e-08  1.7846233e-08 ...  7.4033513e-09
   5.1086912e-09  1.3348785e-08]
 [ 1.2393305e-09  7.1052947e-10  3.4879860e-10 ...  3.7350145e-10
   3.7783740e-10  6.3346556e-10]]",FAKE
"[[-4.3680511e+02 -4.0831738e+02 -4.2557736e+02 ... -2.4502902e+02
  -2.2715312e+02 -1.9790187e+02]
 [ 1.8674625e+01  2.0958656e+01  2.3827755e+01 ...  5.9789345e+01
   5.5835430e+01  5.8729134e+01]
 [-3.3269310e+01 -3.0387512e+01 -1.8498329e+01 ...  2.2680075e+01
   8.6004686e+00 -1.7426945e+01]
 ...
 [ 3.6620172e-08  7.1287033e-08  6.3708057e-08 ...  3.1005152e-06
   4.0870905e-06  4.8886959e-06]
 [ 5.9663923e-09  8.1938989e-09  8.4606029e-09 ...  3.9388874e-07
   7.3088580e-07  8.8284270e-07]
 [ 2.7226028e-09  9.6863184e-10  2.5500449e-10 ...  1.4299827e-08
   1.2716883e-08  1.4139573e-08]]",FAKE
"[[-4.61390198e+02 -4.35369629e+02 -4.47434052e+02 ... -2.19586563e+02
  -2.14714630e+02 -2.01002808e+02]
 [-5.56680584e+00 -8.94944477e+00 -8.61465931e+00 ...  8.26820755e+01
   8.65434570e+01  8.93586273e+01]
 [-2.89532051e+01 -2.66200752e+01 -1.44170895e+01 ...  6.13056564e+00
   1.21713018e+00 -1.44426308e+01]
 ...
 [ 1.77845138e-07  2.86269284e-07  3.17055935e-07 ...  1.32657544e-04
   1.28066255e-04  1.12230606e-04]
 [ 3.23595195e-08  4.99304278e-08  3.88097625e-08 ...  4.86203498e-06
   3.25262477e-06  4.94778169e-06]
 [ 1.26756188e-08  3.79651688e-09  5.33932731e-10 ...  1.00231034e-07
   1.27815824e-07  1.82867666e-07]]",FAKE
"[[-4.5231415e+02 -4.2208966e+02 -4.3097278e+02 ... -2.6425424e+02
  -2.4561725e+02 -2.2214336e+02]
 [ 3.9526588e+01  3.8694710e+01  3.8995998e+01 ...  9.5888779e+01
   9.3127182e+01  9.2275116e+01]
 [-1.0509666e+01 -1.0779644e+01 -7.5809755e+00 ...  2.3975956e+01
   1.3341633e+01 -7.1286807e+00]
 ...
 [ 2.5526333e-07  7.9609015e-07  9.0687467e-07 ...  1.7501530e-06
   2.5293311e-06  8.5976935e-06]
 [ 2.8342415e-08  4.6855817e-08  3.3190684e-08 ...  5.3211716e-07
   8.3371822e-07  1.6514521e-06]
 [ 1.0374668e-09  6.6504818e-10  5.6116894e-10 ...  1.4771679e-08
   2.1324658e-08  5.6435525e-08]]",FAKE
"[[-3.3104297e+02 -3.1635083e+02 -3.3529160e+02 ... -1.6855446e+02
  -2.0589493e+02 -1.6175282e+02]
 [ 3.3797592e+01  3.1367233e+01  4.8123798e+01 ...  1.0281901e+02
   4.8042339e+01  8.5243729e+01]
 [-3.9119156e+01 -4.2983410e+01 -3.6103096e+01 ...  3.0035229e+01
   4.7013752e+01  2.8673693e+01]
 ...
 [ 2.2211052e-06  2.3864814e-06  1.5836647e-06 ...  4.7662670e-05
   1.2288829e-04  1.1449873e-04]
 [ 1.0451814e-07  1.5310877e-07  1.4770417e-07 ...  4.6768610e-06
   9.1729216e-06  6.4527349e-06]
 [ 5.0828422e-08  1.9032319e-08  2.6539715e-09 ...  1.9750512e-07
   2.9227320e-07  1.7083572e-07]]",FAKE
"[[-3.32910248e+02 -3.11078888e+02 -3.31728577e+02 ... -1.92714951e+02
  -2.32696259e+02 -1.90742981e+02]
 [ 4.81216660e+01  5.61943283e+01  6.88347473e+01 ...  1.07998138e+02
   6.29013748e+01  1.04891685e+02]
 [-4.30239487e+01 -4.53230438e+01 -4.34911575e+01 ... -3.38249803e-01
   3.02647076e+01  1.61312981e+01]
 ...
 [ 2.11772817e-06  2.21972186e-06  6.69711255e-07 ...  6.66749329e-05
   2.12044717e-04  1.04543957e-04]
 [ 1.86309293e-07  2.07946854e-07  7.47167732e-08 ...  4.64280629e-06
   1.80228053e-05  1.10163919e-05]
 [ 4.97087420e-08  1.36891138e-08  1.50023094e-09 ...  1.54627628e-07
   4.41305815e-07  2.86158411e-07]]",FAKE
"[[-2.9646948e+02 -2.7505905e+02 -3.0356699e+02 ... -1.7380798e+02
  -1.8507877e+02 -1.6486519e+02]
 [ 2.3404369e+01  3.5372734e+01  6.1666969e+01 ...  1.2037854e+02
   9.1838860e+01  1.0534431e+02]
 [-2.0920361e+01 -2.1721163e+01 -2.6747864e+01 ... -1.3962587e+01
   7.2423191e+00 -6.3920102e+00]
 ...
 [ 8.6138143e-06  8.1347043e-06  1.1780540e-06 ...  1.1303524e-05
   4.0075502e-05  4.9299808e-05]
 [ 9.6494614e-07  5.1128364e-07  9.7587019e-08 ...  6.5698015e-07
   1.9814856e-06  1.8987178e-06]
 [ 3.3490548e-07  9.1417363e-08  2.4491920e-09 ...  3.0598397e-08
   1.2286007e-07  8.2048082e-08]]",FAKE
"[[-3.4511670e+02 -3.2018591e+02 -3.3708096e+02 ... -1.9786327e+02
  -2.4448532e+02 -2.0298630e+02]
 [ 7.9069534e+01  8.1663193e+01  8.4337036e+01 ...  1.3924374e+02
   9.5761261e+01  1.2832837e+02]
 [-4.0289341e+01 -4.2728371e+01 -4.3922165e+01 ... -2.6227390e+01
   3.9550281e+00 -1.8436605e+01]
 ...
 [ 4.6195774e-07  6.6008732e-07  5.3410929e-07 ...  5.5863488e-06
   1.3876563e-05  5.5919600e-06]
 [ 5.1312121e-08  4.4040085e-08  2.9819084e-08 ...  5.0958744e-07
   1.0701349e-06  3.2924453e-07]
 [ 1.8580160e-08  5.0236566e-09  5.1200250e-10 ...  1.0855073e-08
   3.5078049e-08  1.7152296e-08]]",FAKE
"[[-3.44152069e+02 -3.20906128e+02 -3.32950012e+02 ... -1.78237930e+02
  -2.01254700e+02 -1.72539154e+02]
 [ 7.52309723e+01  7.57830811e+01  8.81517410e+01 ...  1.33624451e+02
   8.97604370e+01  1.17537308e+02]
 [-3.93504715e+01 -4.47019501e+01 -4.37728653e+01 ... -1.54515133e+01
   4.48766518e+00  5.36443520e+00]
 ...
 [ 1.43158559e-07  7.27921901e-08  2.59461981e-08 ...  8.84645578e-06
   2.48557681e-05  2.89912241e-05]
 [ 8.06807137e-08  2.40888305e-08  5.81246828e-09 ...  7.60961598e-07
   2.29849365e-06  3.07502819e-06]
 [ 6.91589008e-08  1.70241012e-08  1.16289235e-10 ...  8.70966232e-09
   3.37665611e-08  3.23177609e-08]]",FAKE
"[[-3.2442764e+02 -3.0466650e+02 -3.1552750e+02 ... -1.6166298e+02
  -2.0583249e+02 -1.7078703e+02]
 [ 6.0709791e+00  6.4333367e+00  1.9304008e+01 ...  6.5634949e+01
   2.6351662e+01  5.0123287e+01]
 [-3.1498474e+01 -3.6058899e+01 -3.5211666e+01 ...  1.3412315e+00
   3.0200621e+01  6.6001511e+00]
 ...
 [ 2.1293695e-06  3.2491150e-06  2.3258403e-06 ...  1.3008637e-04
   4.2185513e-04  2.4289143e-04]
 [ 1.6192635e-07  3.2710219e-07  2.0812342e-07 ...  1.2269316e-05
   2.7312564e-05  2.1029864e-05]
 [ 1.1151555e-08  1.3609511e-08  8.4931875e-09 ...  2.2956435e-07
   9.5332888e-07  9.3152596e-07]]",FAKE
"[[-3.06994812e+02 -2.82151855e+02 -3.01672241e+02 ... -1.70029312e+02
  -1.94377533e+02 -1.55618546e+02]
 [ 7.36087322e+00  1.72067852e+01  4.73995209e+01 ...  1.02783447e+02
   5.18230743e+01  8.44084778e+01]
 [-3.51845169e+01 -3.05944977e+01 -2.57920723e+01 ... -1.35824966e+01
   2.16239567e+01  3.90108973e-01]
 ...
 [ 3.55180164e-05  3.17500962e-05  6.37284575e-06 ...  3.09101561e-05
   1.03729362e-04  1.00286095e-04]
 [ 5.72467252e-06  3.26271129e-06  4.54929477e-07 ...  1.76913852e-06
   6.10475036e-06  5.64865422e-06]
 [ 2.37913810e-06  6.23662572e-07  7.49705364e-09 ...  3.18364854e-08
   1.80118903e-07  1.59596681e-07]]",FAKE
"[[-5.2737543e+02 -5.2776373e+02 -5.2787994e+02 ... -3.7922165e+02
  -3.9824185e+02 -4.1318161e+02]
 [ 2.3277171e+00  1.7790747e+00  1.6146984e+00 ...  3.3826645e+01
   4.4605812e+01  5.1992874e+01]
 [ 2.3261247e+00  1.7786733e+00  1.6143341e+00 ...  2.3724216e+01
   2.2801661e+01  2.3851559e+01]
 ...
 [ 2.1639797e-09  4.4592299e-09  5.6051270e-09 ...  5.9661687e-07
   4.1444446e-07  3.3076529e-07]
 [ 2.0903441e-10  3.0117994e-10  3.6517270e-10 ...  4.7047635e-08
   5.7702316e-08  3.9590045e-08]
 [ 1.7434384e-11  1.6660145e-11  1.6273691e-11 ...  1.0948737e-09
   1.1998008e-09  1.1538327e-09]]",FAKE
"[[-6.8028931e+02 -6.8025433e+02 -6.8035028e+02 ... -5.1153409e+02
  -5.2895636e+02 -5.3230762e+02]
 [ 3.2229000e-01  3.7174240e-01  2.3613201e-01 ...  6.3675117e+00
  -2.7227330e-01  6.3168132e-01]
 [ 3.2221720e-01  3.7165889e-01  2.3607866e-01 ...  3.0993908e+01
   3.0663383e+01  2.9403242e+01]
 ...
 [ 6.5096574e-11  1.4030341e-10  1.4450366e-10 ...  1.8011326e-07
   1.3561350e-07  1.7118703e-07]
 [ 4.4787654e-12  4.7553268e-12  3.9667852e-12 ...  9.6082209e-09
   1.2837467e-08  1.0757782e-08]
 [ 1.8796030e-12  5.7843828e-13  1.1737321e-13 ...  4.4574983e-10
   4.2023743e-10  6.4470546e-10]]",FAKE
"[[-6.8053906e+02 -6.8053906e+02 -6.8053906e+02 ... -5.1948730e+02
  -5.3171613e+02 -5.3562665e+02]
 [ 0.0000000e+00  0.0000000e+00  0.0000000e+00 ... -3.1629315e-01
  -5.3610144e+00 -4.6537862e+00]
 [ 0.0000000e+00  0.0000000e+00  0.0000000e+00 ...  3.2870148e+01
   2.8754356e+01  2.6750713e+01]
 ...
 [ 3.4035087e-11  6.5222834e-11  7.2993667e-11 ...  1.7565964e-07
   1.3600781e-07  1.6996729e-07]
 [ 2.9636074e-12  6.7959167e-12  7.6291517e-12 ...  9.3091499e-09
   1.2734566e-08  1.0521580e-08]
 [ 4.8712418e-13  2.2688261e-13  1.3758554e-13 ...  4.1996887e-10
   4.1358444e-10  6.4415207e-10]]",FAKE
"[[-6.80610352e+02 -6.80610352e+02 -6.80608826e+02 ... -4.64586914e+02
  -4.72774902e+02 -4.82581451e+02]
 [ 0.00000000e+00  0.00000000e+00  2.23381398e-03 ...  4.39651413e+01
   4.48139725e+01  4.07934799e+01]
 [ 0.00000000e+00  0.00000000e+00  2.23283260e-03 ...  3.37130737e+01
   3.73506241e+01  3.61296844e+01]
 ...
 [ 2.53033774e-11  9.18799550e-11  1.86590465e-10 ...  1.83810457e-07
   1.32389474e-07  1.53547518e-07]
 [ 2.22076589e-12  5.38125230e-12  1.24538713e-11 ...  9.58864099e-09
   1.33721665e-08  1.05523519e-08]
 [ 4.83950208e-14  2.01704904e-13  3.41173379e-13 ...  4.63131561e-10
   4.07661849e-10  6.19187090e-10]]",FAKE
"[[-5.3114551e+02 -5.3112946e+02 -5.3122101e+02 ... -3.7093176e+02
  -3.8741165e+02 -4.0426651e+02]
 [ 1.3365510e+00  1.3593109e+00  1.2297596e+00 ...  8.4137344e+01
   8.3598595e+01  7.9037827e+01]
 [ 1.3361628e+00  1.3590037e+00  1.2294823e+00 ...  1.7084301e+01
   2.5799084e+01  3.0798927e+01]
 ...
 [ 3.9335812e-10  5.5856120e-10  9.2389402e-10 ...  2.0923673e-07
   1.5270568e-07  1.8471262e-07]
 [ 8.0154446e-11  8.2106530e-11  6.0506058e-11 ...  1.3471447e-08
   1.5783554e-08  1.3726318e-08]
 [ 4.1173627e-11  1.1148226e-11  2.0787703e-12 ...  4.5177814e-10
   4.2449652e-10  6.0623578e-10]]",FAKE
"[[-6.7661090e+02 -6.7630273e+02 -6.7556500e+02 ... -4.9521542e+02
  -5.0322635e+02 -5.1662170e+02]
 [ 5.6398401e+00  6.0775070e+00  7.1184044e+00 ...  1.3278300e+01
   1.1928741e+01  6.4817719e+00]
 [ 5.6214814e+00  6.0646520e+00  7.0981684e+00 ...  2.3980366e+01
   2.0723183e+01  2.2019831e+01]
 ...
 [ 4.9138027e-11  6.1330482e-11  7.3819208e-11 ...  1.7181009e-07
   1.3557406e-07  1.7039071e-07]
 [ 1.6271992e-11  7.5507205e-12  6.2231097e-12 ...  9.4284012e-09
   1.3224336e-08  1.0568210e-08]
 [ 9.6918775e-12  2.4480873e-12  8.9264235e-14 ...  4.2268625e-10
   4.0923598e-10  6.3462402e-10]]",FAKE
"[[-5.52731812e+02 -5.53245789e+02 -5.52286743e+02 ... -4.20466125e+02
  -4.29990570e+02 -4.43894653e+02]
 [ 3.10324693e+00  2.37735844e+00  3.72823238e+00 ...  5.27137985e+01
   5.10766296e+01  4.97636108e+01]
 [ 3.09923625e+00  2.37630367e+00  3.71085978e+00 ...  2.80836105e+01
   2.74863071e+01  2.91839848e+01]
 ...
 [ 2.61396432e-10  3.54652113e-10  5.83579185e-10 ...  2.34000638e-07
   1.51999089e-07  1.81258272e-07]
 [ 8.00113101e-11  4.44774426e-11  8.52651005e-11 ...  1.27121886e-08
   1.42115395e-08  1.15555370e-08]
 [ 3.66823585e-11  9.64868983e-12  2.38199152e-12 ...  4.80545270e-10
   4.26888386e-10  6.01916794e-10]]",FAKE
"[[-3.2639908e+02 -2.8686389e+02 -2.8368588e+02 ... -4.1865887e+02
  -4.3796796e+02 -4.4741394e+02]
 [ 7.4241394e+01  7.4419991e+01  7.3735443e+01 ...  4.8021210e+01
   4.8516342e+01  4.8923180e+01]
 [-1.9935293e+00 -9.8677993e-02  6.0100741e+00 ... -1.0091250e+01
  -6.2923689e+00 -9.2228806e-01]
 ...
 [ 2.1345109e-06  3.5341182e-06  5.1997426e-06 ...  1.8609296e-07
   1.5685779e-07  1.2697005e-07]
 [ 6.8921162e-07  4.1788260e-07  3.8898611e-07 ...  1.0967511e-08
   5.2427578e-09  4.6459174e-09]
 [ 4.6571466e-07  1.2180703e-07  1.7065299e-08 ...  3.4086609e-10
   3.8751963e-10  2.2956742e-10]]",FAKE
"[[-3.8273047e+02 -3.5522177e+02 -3.5614999e+02 ... -4.7414255e+02
  -5.0851828e+02 -5.2896826e+02]
 [ 8.1243370e+01  7.7119965e+01  7.1990250e+01 ...  4.0052277e+01
   3.0524780e+01  2.4134529e+01]
 [-3.0671684e+01 -3.9466221e+01 -4.2017921e+01 ... -2.7306433e+01
  -2.6128046e+01 -2.9065807e+01]
 ...
 [ 9.9934319e-08  1.3817889e-07  1.2812988e-07 ...  3.9130605e-08
   1.5227625e-08  5.2054379e-09]
 [ 2.9878496e-08  2.1951847e-08  1.4000581e-08 ...  3.9052286e-09
   1.9834978e-09  8.7056673e-10]
 [ 2.2315772e-08  5.8523706e-09  2.7674574e-10 ...  7.9925858e-11
   3.8273652e-11  2.4325306e-11]]",FAKE
"[[-3.0208005e+02 -2.6687411e+02 -2.6514188e+02 ... -3.7976462e+02
  -4.0555017e+02 -4.4148959e+02]
 [ 6.7086494e+01  6.4990479e+01  5.9322529e+01 ...  3.4886276e+01
   3.5242355e+01  2.0960754e+01]
 [-3.8369678e+01 -4.4486435e+01 -4.7029419e+01 ... -5.1074638e+01
  -4.2131134e+01 -3.0609142e+01]
 ...
 [ 7.8357850e-08  2.5537656e-07  4.1104960e-07 ...  1.2138192e-08
   3.7369721e-09  1.6956042e-09]
 [ 1.6184627e-08  2.1379222e-08  2.8151126e-08 ...  9.2794306e-10
   5.5213062e-10  4.5249199e-10]
 [ 2.8508700e-09  1.1026645e-09  7.2507828e-10 ...  3.1384593e-11
   8.4759708e-12  9.5029245e-12]]",FAKE
"[[-3.4217886e+02 -3.0558420e+02 -3.0397198e+02 ... -3.6852844e+02
  -3.9506381e+02 -4.1251389e+02]
 [ 9.4178940e+01  9.5854263e+01  9.1976578e+01 ...  6.8708992e+01
   7.3979477e+01  7.7034531e+01]
 [-2.5999847e+01 -3.1399055e+01 -3.7478813e+01 ... -3.7705505e+01
  -2.9445271e+01 -1.8407555e+01]
 ...
 [ 1.1399643e-07  3.0482437e-07  3.3879954e-07 ...  4.0941939e-07
   1.9589221e-07  1.3168795e-07]
 [ 1.3981830e-08  3.3313857e-08  2.4029180e-08 ...  2.3604789e-08
   1.7615680e-08  1.4692929e-08]
 [ 8.6672775e-10  7.6293188e-10  4.0731341e-10 ...  7.8882512e-10
   6.2058825e-10  2.2747267e-10]]",FAKE
"[[-3.5323697e+02 -3.2339508e+02 -3.3251291e+02 ... -4.5552954e+02
  -4.7248862e+02 -4.8685794e+02]
 [ 9.2059738e+01  9.3887665e+01  8.9768402e+01 ...  4.9212425e+01
   4.0880409e+01  3.2326580e+01]
 [-1.8096619e+01 -2.1166557e+01 -2.1296898e+01 ... -8.9351473e+00
  -1.5919011e+00  4.5037766e+00]
 ...
 [ 1.0917996e-07  6.8717540e-08  8.1060506e-08 ...  6.0929266e-09
   4.1231751e-09  3.6009280e-09]
 [ 5.1961560e-08  2.2972280e-08  1.1763651e-08 ...  7.3628081e-10
   8.8491420e-10  7.4370726e-10]
 [ 2.7024535e-08  6.6374932e-09  2.2436995e-10 ...  2.4681862e-11
   1.6700120e-11  1.5301989e-11]]",FAKE
"[[-3.3983865e+02 -3.1338708e+02 -3.2057117e+02 ... -3.7650681e+02
  -4.0517279e+02 -4.4205756e+02]
 [ 9.2814362e+01  9.2576584e+01  8.2136414e+01 ...  4.3481426e+01
   5.1441597e+01  5.1659164e+01]
 [-2.0497208e+00 -1.0778422e+01 -2.5185778e+01 ... -4.3576103e+01
  -2.9651817e+01 -1.5708996e+01]
 ...
 [ 5.4440825e-08  8.8134847e-08  1.3846426e-07 ...  5.0578471e-08
   2.8239583e-08  1.8359428e-08]
 [ 1.0500212e-08  1.0468452e-08  1.4170172e-08 ...  7.2657569e-09
   3.3523235e-09  2.9330551e-09]
 [ 3.0664269e-09  9.9299480e-10  3.0045677e-10 ...  2.5022909e-10
   1.2599002e-10  9.6770494e-11]]",FAKE
"[[-4.2749213e+02 -3.9832440e+02 -3.9574164e+02 ... -4.5731320e+02
  -4.7691440e+02 -4.9173871e+02]
 [ 4.0408737e+01  3.0942560e+01  2.3350300e+01 ... -1.2124380e+01
  -5.0036764e+00  2.7159815e+00]
 [-1.1560693e+01 -1.7537437e+01 -2.2984558e+01 ... -4.4998329e+01
  -3.9246330e+01 -3.8693054e+01]
 ...
 [ 1.8460986e-07  1.9473892e-07  2.2933490e-07 ...  1.6680011e-07
   1.1077317e-07  5.7750167e-08]
 [ 5.2546028e-08  3.7156333e-08  2.2785683e-08 ...  1.2611615e-08
   7.9461158e-09  6.7948966e-09]
 [ 2.3345720e-08  6.4610450e-09  9.5784625e-10 ...  1.5266255e-10
   1.6116738e-10  1.8822059e-10]]",FAKE
"[[-3.24947449e+02 -3.10551971e+02 -3.09320587e+02 ... -1.85703781e+02
  -1.89889648e+02 -1.90880295e+02]
 [ 1.02572556e+02  1.17111588e+02  1.33724304e+02 ...  1.21766968e+02
   1.18452477e+02  1.12691467e+02]
 [-7.62693481e+01 -7.38971558e+01 -5.64074249e+01 ... -1.05207062e+02
  -1.04501785e+02 -1.00736603e+02]
 ...
 [ 1.02159493e-06  2.92141095e-07  4.47446453e-08 ...  4.73156945e-07
   3.50305356e-07  4.50646553e-07]
 [ 3.86765464e-07  9.75884618e-08  4.03051947e-09 ...  4.75138684e-08
   3.35337589e-08  3.33739649e-08]
 [ 1.76798380e-07  4.30408633e-08  1.05548692e-09 ...  9.95891480e-10
   5.77379922e-10  9.22235621e-10]]",REAL
"[[-6.1872040e+02 -3.4527249e+02 -2.8363583e+02 ... -4.1456458e+02
  -4.5041663e+02 -4.8926041e+02]
 [-1.2613499e+01 -3.5113846e+01 -2.0572443e+01 ...  2.2869347e+02
   2.1693558e+02  1.9573680e+02]
 [ 3.5337727e+01  5.0543289e+01  4.9233543e+01 ...  2.7826870e+01
   4.9277893e+01  6.1744976e+01]
 ...
 [ 1.1851174e-07  7.3137249e-05  1.6401734e-04 ...  6.2128116e-09
   3.7725520e-09  5.2875113e-09]
 [ 6.6049837e-09  2.3953367e-06  4.9832188e-06 ...  1.6426831e-10
   1.1088743e-10  2.0174885e-10]
 [ 3.2351505e-10  2.4266413e-07  5.8991765e-07 ...  6.5597625e-11
   3.8199933e-11  1.7067433e-11]]",REAL
"[[-6.50084229e+02 -6.50084229e+02 -4.77402466e+02 ... -2.74427643e+02
  -3.19715973e+02 -3.17250854e+02]
 [ 0.00000000e+00  0.00000000e+00  1.05478546e+02 ...  2.10930969e+02
   1.81086487e+02  1.58101227e+02]
 [ 0.00000000e+00  0.00000000e+00 -4.38440800e+00 ... -1.00305080e-01
  -1.34721022e+01 -1.12861633e+01]
 ...
 [ 0.00000000e+00  0.00000000e+00  8.07278067e-09 ...  6.82733287e-07
   1.17378067e-06  1.55818088e-06]
 [ 0.00000000e+00  0.00000000e+00  4.53740295e-10 ...  2.14459739e-08
   3.55555962e-09  8.26501714e-11]
 [ 0.00000000e+00  0.00000000e+00  1.58486297e-11 ...  1.19136045e-09
   3.29941796e-10  1.43220227e-10]]",REAL
"[[-6.3113269e+02 -6.3113269e+02 -4.3018454e+02 ...  0.0000000e+00
   0.0000000e+00  0.0000000e+00]
 [ 0.0000000e+00  0.0000000e+00  1.3279855e+02 ...  0.0000000e+00
   0.0000000e+00  0.0000000e+00]
 [ 0.0000000e+00  0.0000000e+00  4.3252449e+00 ...  0.0000000e+00
   0.0000000e+00  0.0000000e+00]
 ...
 [ 0.0000000e+00  1.3037611e-11  5.5424003e-08 ...  0.0000000e+00
   0.0000000e+00  0.0000000e+00]
 [ 0.0000000e+00  2.8323778e-12  4.5875432e-09 ...  0.0000000e+00
   0.0000000e+00  0.0000000e+00]
 [ 0.0000000e+00  4.8196781e-14  1.1990237e-10 ...  0.0000000e+00
   0.0000000e+00  0.0000000e+00]]",REAL
"[[-6.3673132e+02 -6.3673132e+02 -5.6742859e+02 ...  0.0000000e+00
   0.0000000e+00  0.0000000e+00]
 [ 0.0000000e+00  0.0000000e+00  5.4399834e+01 ...  0.0000000e+00
   0.0000000e+00  0.0000000e+00]
 [ 0.0000000e+00  0.0000000e+00  7.3962903e-01 ...  0.0000000e+00
   0.0000000e+00  0.0000000e+00]
 ...
 [ 0.0000000e+00  0.0000000e+00  1.5486954e-09 ...  0.0000000e+00
   0.0000000e+00  0.0000000e+00]
 [ 0.0000000e+00  0.0000000e+00  6.7965869e-11 ...  0.0000000e+00
   0.0000000e+00  0.0000000e+00]
 [ 0.0000000e+00  0.0000000e+00  1.2482409e-12 ...  0.0000000e+00
   0.0000000e+00  0.0000000e+00]]",REAL
"[[-6.81325500e+02 -6.81325500e+02 -4.64828613e+02 ...  0.00000000e+00
   0.00000000e+00  0.00000000e+00]
 [ 0.00000000e+00  0.00000000e+00  8.99944534e+01 ...  0.00000000e+00
   0.00000000e+00  0.00000000e+00]
 [ 0.00000000e+00  0.00000000e+00 -4.41752701e+01 ...  0.00000000e+00
   0.00000000e+00  0.00000000e+00]
 ...
 [ 0.00000000e+00  0.00000000e+00  1.45405945e-08 ...  0.00000000e+00
   0.00000000e+00  0.00000000e+00]
 [ 0.00000000e+00  0.00000000e+00  1.29797695e-09 ...  0.00000000e+00
   0.00000000e+00  0.00000000e+00]
 [ 0.00000000e+00  0.00000000e+00  1.45477741e-10 ...  0.00000000e+00
   0.00000000e+00  0.00000000e+00]]",REAL
"[[-5.8067212e+02 -5.8067212e+02 -4.5432791e+02 ... -1.8906261e+02
  -1.6696887e+02 -1.6433955e+02]
 [ 0.0000000e+00  0.0000000e+00  9.1488510e+01 ...  2.0164673e+02
   1.9299976e+02  1.9641479e+02]
 [ 0.0000000e+00  0.0000000e+00 -1.0805624e+00 ... -1.8074242e+01
  -2.6814789e+01 -2.4858662e+01]
 ...
 [ 0.0000000e+00  0.0000000e+00  5.0494804e-09 ...  1.8899450e-06
   1.8729188e-06  2.2575546e-06]
 [ 0.0000000e+00  0.0000000e+00  2.1686174e-10 ...  8.5057202e-08
   6.6609019e-08  5.3457175e-08]
 [ 0.0000000e+00  0.0000000e+00  9.2933482e-12 ...  2.3828517e-09
   4.1234651e-09  2.8303078e-09]]",REAL
"[[-6.4128625e+02 -6.4128625e+02 -5.0156424e+02 ... -2.6440485e+02
  -2.7535162e+02 -3.0368307e+02]
 [ 0.0000000e+00  0.0000000e+00  9.8605881e+01 ...  1.3593347e+02
   1.3709290e+02  1.5582812e+02]
 [ 0.0000000e+00  0.0000000e+00  6.6162262e+00 ... -8.1970615e+00
  -1.8332624e+01 -3.3028481e+01]
 ...
 [ 0.0000000e+00  0.0000000e+00  3.5366403e-09 ...  2.1084519e-08
   1.8308942e-08  1.7777641e-08]
 [ 0.0000000e+00  0.0000000e+00  1.1409971e-10 ...  9.6799484e-09
   6.6810313e-09  5.1678734e-10]
 [ 0.0000000e+00  0.0000000e+00  9.1152771e-12 ...  2.2252022e-10
   1.6649639e-10  1.8503914e-11]]",REAL
"[[-6.6040778e+02 -6.6040778e+02 -4.8168579e+02 ...  0.0000000e+00
   0.0000000e+00  0.0000000e+00]
 [ 0.0000000e+00  0.0000000e+00  9.9586990e+01 ...  0.0000000e+00
   0.0000000e+00  0.0000000e+00]
 [ 0.0000000e+00  0.0000000e+00 -1.2097984e+01 ...  0.0000000e+00
   0.0000000e+00  0.0000000e+00]
 ...
 [ 0.0000000e+00  0.0000000e+00  7.3827349e-09 ...  0.0000000e+00
   0.0000000e+00  0.0000000e+00]
 [ 0.0000000e+00  0.0000000e+00  2.0557124e-10 ...  0.0000000e+00
   0.0000000e+00  0.0000000e+00]
 [ 0.0000000e+00  0.0000000e+00  6.2926066e-12 ...  0.0000000e+00
   0.0000000e+00  0.0000000e+00]]",REAL
"[[-6.1109003e+02 -6.1109003e+02 -4.7575757e+02 ...  0.0000000e+00
   0.0000000e+00  0.0000000e+00]
 [ 0.0000000e+00  0.0000000e+00  8.8973022e+01 ...  0.0000000e+00
   0.0000000e+00  0.0000000e+00]
 [ 0.0000000e+00  0.0000000e+00 -5.4033365e+00 ...  0.0000000e+00
   0.0000000e+00  0.0000000e+00]
 ...
 [ 0.0000000e+00  0.0000000e+00  1.8801305e-08 ...  0.0000000e+00
   0.0000000e+00  0.0000000e+00]
 [ 0.0000000e+00  0.0000000e+00  1.1518568e-09 ...  0.0000000e+00
   0.0000000e+00  0.0000000e+00]
 [ 0.0000000e+00  0.0000000e+00  4.5622076e-11 ...  0.0000000e+00
   0.0000000e+00  0.0000000e+00]]",REAL
"[[-6.96066101e+02 -6.96066101e+02 -6.05183838e+02 ...  0.00000000e+00
   0.00000000e+00  0.00000000e+00]
 [ 0.00000000e+00  0.00000000e+00  8.43165741e+01 ...  0.00000000e+00
   0.00000000e+00  0.00000000e+00]
 [ 0.00000000e+00  0.00000000e+00  3.27460251e+01 ...  0.00000000e+00
   0.00000000e+00  0.00000000e+00]
 ...
 [ 0.00000000e+00  1.04716644e-13  7.70572217e-10 ...  0.00000000e+00
   0.00000000e+00  0.00000000e+00]
 [ 0.00000000e+00  2.11072902e-15  1.00183271e-10 ...  0.00000000e+00
   0.00000000e+00  0.00000000e+00]
 [ 0.00000000e+00  2.46510172e-16  5.55361399e-12 ...  0.00000000e+00
   0.00000000e+00  0.00000000e+00]]",REAL
"[[-6.3891656e+02 -6.3891656e+02 -4.6007059e+02 ...  0.0000000e+00
   0.0000000e+00  0.0000000e+00]
 [ 0.0000000e+00  0.0000000e+00  1.3177597e+02 ...  0.0000000e+00
   0.0000000e+00  0.0000000e+00]
 [ 0.0000000e+00  0.0000000e+00  4.0693130e+00 ...  0.0000000e+00
   0.0000000e+00  0.0000000e+00]
 ...
 [ 0.0000000e+00  6.5260033e-12  2.7165440e-08 ...  0.0000000e+00
   0.0000000e+00  0.0000000e+00]
 [ 0.0000000e+00  1.5060109e-12  2.3597875e-09 ...  0.0000000e+00
   0.0000000e+00  0.0000000e+00]
 [ 0.0000000e+00  2.4097188e-14  6.3163669e-11 ...  0.0000000e+00
   0.0000000e+00  0.0000000e+00]]",REAL
"[[-6.5768567e+02 -6.5768567e+02 -5.4652765e+02 ...  0.0000000e+00
   0.0000000e+00  0.0000000e+00]
 [ 0.0000000e+00  0.0000000e+00  9.1816315e+01 ...  0.0000000e+00
   0.0000000e+00  0.0000000e+00]
 [ 0.0000000e+00  0.0000000e+00  1.7439304e+01 ...  0.0000000e+00
   0.0000000e+00  0.0000000e+00]
 ...
 [ 0.0000000e+00  0.0000000e+00  1.0007863e-09 ...  0.0000000e+00
   0.0000000e+00  0.0000000e+00]
 [ 0.0000000e+00  0.0000000e+00  5.7287564e-11 ...  0.0000000e+00
   0.0000000e+00  0.0000000e+00]
 [ 0.0000000e+00  0.0000000e+00  5.3436433e-13 ...  0.0000000e+00
   0.0000000e+00  0.0000000e+00]]",REAL
"[[-6.7323999e+02 -6.7323999e+02 -5.3761633e+02 ...  0.0000000e+00
   0.0000000e+00  0.0000000e+00]
 [ 0.0000000e+00  0.0000000e+00  9.4352226e+01 ...  0.0000000e+00
   0.0000000e+00  0.0000000e+00]
 [ 0.0000000e+00  0.0000000e+00  5.4732037e+00 ...  0.0000000e+00
   0.0000000e+00  0.0000000e+00]
 ...
 [ 0.0000000e+00  0.0000000e+00  1.5100788e-09 ...  0.0000000e+00
   0.0000000e+00  0.0000000e+00]
 [ 0.0000000e+00  0.0000000e+00  4.6068427e-11 ...  0.0000000e+00
   0.0000000e+00  0.0000000e+00]
 [ 0.0000000e+00  0.0000000e+00  9.3533480e-12 ...  0.0000000e+00
   0.0000000e+00  0.0000000e+00]]",REAL
"[[-6.1361017e+02 -6.1361017e+02 -5.7034283e+02 ...  0.0000000e+00
   0.0000000e+00  0.0000000e+00]
 [ 0.0000000e+00  0.0000000e+00  3.2856266e+01 ...  0.0000000e+00
   0.0000000e+00  0.0000000e+00]
 [ 0.0000000e+00  0.0000000e+00 -7.8815308e+00 ...  0.0000000e+00
   0.0000000e+00  0.0000000e+00]
 ...
 [ 0.0000000e+00  0.0000000e+00  2.0455125e-10 ...  0.0000000e+00
   0.0000000e+00  0.0000000e+00]
 [ 0.0000000e+00  0.0000000e+00  3.3417467e-11 ...  0.0000000e+00
   0.0000000e+00  0.0000000e+00]
 [ 0.0000000e+00  0.0000000e+00  5.2605858e-13 ...  0.0000000e+00
   0.0000000e+00  0.0000000e+00]]",REAL
"[[-7.0550989e+02 -6.5583557e+02 -6.2452307e+02 ... -4.7074652e+02
  -4.6357788e+02 -4.9932242e+02]
 [ 5.4795380e+00  4.8641563e+01  6.7933975e+01 ...  1.9564503e+02
   1.9900095e+02  1.7119110e+02]
 [ 4.9567127e+00  1.1053123e+01 -7.1823519e-01 ...  2.1314392e+01
   1.7387737e+01  1.8324928e+01]
 ...
 [ 2.8512576e-12  1.9132892e-10  5.1917887e-10 ...  4.3627110e-10
   9.2715689e-11  7.4158658e-11]
 [ 2.7860524e-13  9.7021479e-12  2.1843713e-11 ...  6.3635074e-12
   2.1487319e-12  2.2819368e-12]
 [ 9.7291458e-15  1.9574708e-13  1.2359896e-12 ...  4.2225190e-12
   3.8335507e-12  6.9778899e-13]]",REAL
"[[-5.42752380e+02 -5.42752380e+02 -5.39320801e+02 ... -2.32336670e+02
  -2.76089020e+02 -3.45526672e+02]
 [ 0.00000000e+00  0.00000000e+00  4.83113813e+00 ...  1.73834442e+02
   1.97446762e+02  1.60937592e+02]
 [ 0.00000000e+00  0.00000000e+00  4.76610422e+00 ... -9.62781906e+00
  -1.03045607e+01  1.55681953e+01]
 ...
 [ 1.19193795e-11  3.33457810e-11  1.36469142e-10 ...  5.95289805e-07
   1.18585049e-07  1.87103275e-08]
 [ 2.52239115e-12  2.86371057e-12  1.20413809e-11 ...  6.59423378e-08
   5.63862308e-08  4.78420548e-09]
 [ 4.04998653e-13  2.09627969e-13  3.59507454e-13 ...  2.00476880e-09
   5.28404764e-10  8.55469931e-11]]",REAL
"[[-2.5742242e+02 -2.3124208e+02 -2.2485370e+02 ... -3.5088873e+02
  -3.5097775e+02 -3.6517242e+02]
 [ 9.5608124e+01  9.6434868e+01  9.6784760e+01 ...  7.6506165e+01
   7.8167664e+01  9.0028183e+01]
 [-6.5735886e+01 -6.3110634e+01 -6.3523922e+01 ... -1.7322186e+01
  -1.4494860e+01 -7.2821641e+00]
 ...
 [ 1.4461347e-06  1.4749578e-06  1.1107348e-06 ...  2.0178153e-07
   3.9360989e-07  1.0839061e-06]
 [ 3.9097654e-07  1.5538663e-07  1.2183553e-07 ...  3.9631939e-08
   3.7712461e-08  2.2803629e-08]
 [ 3.0196006e-07  7.6326849e-08  3.4446990e-09 ...  6.5502948e-10
   3.8180187e-10  4.9994203e-10]]",REAL
"[[-2.6740619e+02 -1.7430507e+02 -1.2657595e+02 ... -1.8462199e+02
  -2.1453308e+02 -2.5426852e+02]
 [ 1.2972281e+02  1.8533359e+02  2.1706534e+02 ...  2.3741539e+02
   2.1738760e+02  1.9200311e+02]
 [-1.5638888e+01 -4.0046036e+01 -5.7540771e+01 ... -1.9599432e+01
  -1.6542479e+01 -1.3137627e+01]
 ...
 [ 1.4710249e-08  1.1009589e-08  6.5809225e-08 ...  2.9874081e-10
   2.0037993e-10  1.2562808e-10]
 [ 1.0609790e-08  3.3183241e-09  5.7619145e-09 ...  4.0180973e-11
   2.3770793e-11  9.2095524e-12]
 [ 8.4512068e-09  2.1299762e-09  9.4354365e-11 ...  5.9603662e-13
   3.2618260e-13  1.6949453e-13]]",REAL
"[[-5.02888245e+02 -4.74610718e+02 -4.75289459e+02 ... -4.08549805e+02
  -4.06756012e+02 -3.98345306e+02]
 [ 1.15599434e+02  1.21658463e+02  1.22850128e+02 ...  1.28159698e+02
   1.29574249e+02  1.33010620e+02]
 [-5.41537209e+01 -5.91640396e+01 -5.59473190e+01 ... -1.70081978e+01
  -1.74797688e+01 -1.90487900e+01]
 ...
 [ 4.55985583e-10  5.02306807e-10  4.09347028e-10 ...  1.09303189e-09
   1.76496384e-09  2.59950950e-09]
 [ 1.25118069e-10  1.37136635e-10  1.52819521e-10 ...  4.88053209e-10
   4.82054729e-10  2.76212275e-10]
 [ 4.19614517e-11  1.19737501e-11  9.45099576e-13 ...  1.53152178e-11
   1.94073299e-11  1.60713300e-11]]",REAL
"[[-3.1464542e+02 -2.9249057e+02 -3.0621521e+02 ... -2.6699347e+02
  -2.8394446e+02 -2.4068910e+02]
 [ 9.7597145e+01  9.3945648e+01  9.7312027e+01 ...  1.0522940e+02
   6.8733826e+01  9.6367233e+01]
 [-5.6412807e+01 -6.0887566e+01 -6.3169907e+01 ... -1.0140410e+01
   5.6567683e+00 -7.2057896e+00]
 ...
 [ 1.2942644e-06  9.8128453e-07  5.2345098e-07 ...  8.5143583e-06
   2.4210962e-05  1.8106142e-05]
 [ 5.6132762e-07  2.0263087e-07  3.2978733e-08 ...  5.4277950e-07
   1.7869964e-06  1.6190650e-06]
 [ 3.6905581e-07  9.1941544e-08  2.2603788e-09 ...  1.9850104e-08
   5.8153709e-08  3.9230326e-08]]",REAL
"[[-6.1940613e+02 -6.1940613e+02 -6.1940613e+02 ... -3.9554639e+02
  -3.9999332e+02 -4.0945715e+02]
 [ 0.0000000e+00  0.0000000e+00  0.0000000e+00 ...  4.7583298e+01
   5.4815369e+01  5.8510078e+01]
 [ 0.0000000e+00  0.0000000e+00  0.0000000e+00 ...  1.2674774e+00
   1.1430668e+00  6.2824640e+00]
 ...
 [ 3.9852063e-11  9.4636479e-11  1.2209904e-10 ...  5.5636468e-07
   3.5792479e-07  3.9053279e-07]
 [ 5.2081646e-12  7.1907784e-12  9.4441226e-12 ...  2.5609552e-08
   3.3565204e-08  2.5176222e-08]
 [ 1.0346043e-12  5.2074583e-13  1.9738813e-13 ...  1.5390740e-09
   1.1505390e-09  1.5558732e-09]]",REAL
"[[-2.5011157e+02 -2.3469308e+02 -2.4444182e+02 ... -3.7384653e+02
  -3.8675482e+02 -4.0059174e+02]
 [ 1.0755885e+02  9.2075386e+01  8.9393730e+01 ...  7.0309273e+01
   7.1620270e+01  6.3017284e+01]
 [-5.9510361e+01 -7.0886108e+01 -7.2612213e+01 ... -5.8388329e+01
  -5.2903782e+01 -5.0867958e+01]
 ...
 [ 1.4436975e-07  2.0621157e-07  1.2356919e-07 ...  7.4516620e-08
   6.1176699e-08  5.4501324e-08]
 [ 4.4835023e-08  3.1747206e-08  1.5431443e-08 ...  4.3820569e-09
   3.9052792e-09  5.5281588e-09]
 [ 2.3489390e-08  6.1397363e-09  2.0211184e-10 ...  1.0298436e-10
   5.4888181e-11  1.0066808e-10]]",REAL
